Name,StudentID,Points
John Doe,001000,85
Jane Smith,002001,92
Robert Johnson,003002,78
Emily Davis,004003,95
Michael White,005004,60
Samantha Brown,006005,87
Daniel Lee,007006,73
Olivia Miller,008007,96
William Taylor,009008,82
Sophia Anderson,010009,88
Ella Wilson,011010,77
Alexander Moore,012011,94
Ava Thompson,013012,65
Benjamin Harris,014013,89
Grace Robinson,015014,71
Henry Turner,016015,84
Lily Stewart,017016,90
James Reed,018017,76
Aria Butler,019018,83
David Evans,020019,68
Emma Reed,021020,79
Christopher Bailey,022021,91
Isabella Morris,023022,74
Andrew Long,024023,86
Chloe Adams,025024,59
Matthew Murphy,026025,97
Abigail Lewis,027026,80
Ryan Hall,028027,75
Addison Baker,029028,93
Elijah Green,030029,72
Scarlett Cox,031030,98
Jackson Price,032031,69
Madison Cooper,033032,81
Lucas King,034033,66
Avery Ward,035034,99
Peyton Hughes,036035,67
Natalie Fisher,037036,70
Connor Jenkins,038037,62
Hannah Perry,039038,100
Joshua Griffin,040039,63
Brooklyn Rivera,041040,94
Nicholas Harrison,042041,87
Zoe Foster,043042,79
Caleb Ross,044043,85
Aaliyah Foster,045044,76
Logan Wright,046045,90
Aubrey Phillips,047046,72
Gabriel Nelson,048047,83
Savannah Foster,049048,68
Dylan Ross,050049,91
Stella Brooks,051050,77
Joseph Perry,052051,82
Victoria Murphy,053052,74
Nicholas Long,054053,88
Layla Turner,055054,97
Aaron Turner,056055,75
Nora Simmons,057056,84
Ethan Hughes,058057,63
Lillian Cox,059058,96
Daniel King,060059,80
Claire Simmons,061060,89
Jordan Harris,062061,67
Hailey Reed,063062,92
Tyler Ward,064063,78
Madelyn Bryant,065064,69
Christian Jenkins,066065,81
Grace Price,067066,98
Christopher Thompson,068067,73
Leah Butler,069068,95
Nicholas Bailey,070069,66
Ella Nelson,071070,86
Liam Wright,072071,79
Addison Turner,073072,70
Aiden Wilson,074073,94
Sophie Morris,075074,75
Mason Cox,076075,83
Avery Bryant,077076,91